rank,rank2,rank3,NAME,First_names,marker,NATION,first,last,N,W,O,EV,K2,KM,LH,MK,CO,DH,MN,NP,AN,G1,BP,G2,SP
1,1,1,MESSNER,Reinhold,,It,27.06.1970,16.10.1986,16 3 19,7,,N,,N,,,,,N,,N,,,,
2,,,KUKUCZKA,Jerzy,†,Pl,04.10.1979,18.09.1987,7 11 14,9 4,1,N O,N,W,,N,W,W,N,N,W,N,N,N,N
3,2,2,LORETAN,Erhard,†,CH,10.06.1982,05.10.1995,13 3 25,4,,,,,,,N,,,,N,N,,,
4,3,,CARSOLIO,Carlos,,Mex,13.07.1985,12.05.1996,10 9 29,3,,,,,,,,,,N,,,N,N,
5,,,WIELICKI,Krzysztof,,Pl,17.02.1980,01.09.1996,16 6 15,3 3,1,W O,,W,W,,N,,N,,,,,,N
6,4,3,OIARZABAL *,Juan Eusebio,,E,15.05.1985,29.04.1999,13 11 14,1,,,N,,,,,,,,,,,,
7,,,MARTINI,Sergio,,It,04.08.1983,19.05.2000,15 9 22,,2,O,,O,,,,,,,,,,,
8,,,PARK **,Young-Seok,†,SK,16.05.1993,22.07.2001,8 2 6,1,5,N O,O,O,O,O,,,,,,,,,
9,5,4,IÑURRATEGI,Alberto,,E,30.09.1991,16.05.2002,10 7 16,1,,,N,,,,,,,,,,,,
10,,,HAN,Wang-Yong,,SK,28.09.1994,15.07.2003,8 9 17,,3,O,,O,,,,,O,,,,,,
11,6,5,VIESTURS,Edmund,,USA,18.05.1989,12.05.2005,15 11 24,,,,,,,,,,,,,,,,
12,7,6,MONDINELLI,Silvio (Gnaro),,It,13.10.1993,12.07.2007,13 8 29,,,,,N,,,,,,,,,,,
13,8,7,VALLEJO,Iván,,Ecu,19.09.1997,01.05.2008,10 7 12,,,,,,,,,,,,,,,,
14,9,8,URUBKO***,Denis,,Kaz,24.05.2000,11.05.2009,8 11 17,4 2,,,,,N,W,N,,N,,,,N,W,
15,,,DUJMOVITS,Ralf,,Ger,11.05.1990,20.05.2009,19 0 9,,1,O,,,,,,,,,,,,,T
16,10,9,GUSTAFSSON,Veikka,,Fin,10.05.1993,26.07.2009,16 2 16,,,,,,,,,,,,,,,,
17,,,LOCK,Andrew,,Aus,30.07.1993,02.10.2009,16 2 2,,1,O,,,,,,,,,,,,,
18,11,10,GARCIA,João,,Por,24.09.1993,17.04.2010,16 6 25,1,,,,,,,N,,,,,,,,
19,,,PASABAN,Edurne,f,E,23.05.2001,17.05.2010,8 11 24,,2,O,,,,,,,,,,,,,
20,,,BLANC****,Abele,,It,30.09.1992,26.04.2011,18 6 26,,1,,,O,,,,,,,,,,,
21,,,MINGMA,,,Np/Sh,12.05.2000,20.05.2011,11 0 8,,5,O,O,O,O,,,O,,,,,,,
22,12,11,KALTENBRUNNER,Gerlinde,f,A,06.05.1998,23.08.2011,13 3 17,,,,,,,,,,,,,,,,T
23,13,,PIVTSOV,Vassili,,Kaz,13.08.2001,23.08.2011,10 0 10,,,,,,,,,,,,,,,,
24,14,12,ZHUMAYEV,Maksut,,Kaz,13.08.2001,23.08.2011,10 0 10,,,,,,,,,,,,,,,,
25,,,KIM,Jae-Soo,,SK,06.10.1990,23.09.2011,20 11 17,,5,O,O,O,O,O,,,,,,,,,
26,15,13,PANZERI,Mario Luciano,,It,27.09.1988,18.05.2012,23 7 21,,,,,,,,,,,,,,,,
27,,,TAKEUCHI,Hirotaka,,Jp,22.05.1995,26.05.2012,17 0 4,,3,O,O,,,O,,,,,,,,,T
28,,,CHHANG DAWA,,,Np/Sh,14.05.2001,30.04.2013,11 11 16,,4,O,O,O,O,,,,,,,,,,
29,16,14,KIM,Chang-Ho,†,SK,14.07.2005,20.05.2013,7 10 6,,,,,,,,,,,,,,,,
30,17,15,JAROŠ,Radek,,Cze,19.05.1998,26.07.2014,16 2 7,,,,,,,,,,,,,,,,
31,18,16,MEROI,Nives,f,It,20.07.1998,11.05.2017,18 9 21,,,,,,,,,,,,,,,,
32,19,17,BENET,Romano,,It,20.07.1998,11.05.2017,18 9 21,,,,,,,,,,,,,,,,
33,,,HÁMOR,Peter,,Slk,19.05.1998,15.05.2017,18 11 26,,1,O,,,,,,,,,,,,,
34,,,LATORRE,Fernando (Ferrán),,E,29.04.1999,27.05.2017,18 0 28,,1,O,,,,,,,,,,,,,
