text,mountain,english_name,altitude_m,location,range,first_ascent,main_routes,base_camp,high_camps,ridges_faces,glaciers_cols,technical_difficulties,weather,major_risks,source,source_note,record_type
"Everest (Mount Everest) is an 8000-metre-class mountain at 8848 m, located in Nepal / China (Tibet) in the Khumbu Himal. The first ascent was on 29.05.1953, Edmund Hillary and Tenzing Norgay. Principal routes include South Col–Southeast Ridge; North Col–Northeast Ridge. Base-camp context: South Base Camp / North Base Camp. High-camp context: South Col route: Camp 1, Camp 2, Camp 3, South Col; North route: North Col and higher camps. Major ridges and faces include Southeast Ridge; Northeast Ridge; West Face; Southwest Face; North Face. Important glacier/col terrain includes Khumbu Icefall; Western Cwm; South Col; North Col. Key technical characteristics include High-altitude exposure, steep snow/ice, fixed ropes, icefall and summit-ridge terrain. Typical environmental conditions include High winds, severe cold, jet-stream exposure and short weather windows near the summit. Major mountaineering hazards include Avalanche and serac/icefall hazards, falls, storms, hypoxia, frostbite and altitude illness.",Everest,Mount Everest,8848,Nepal / China (Tibet),Khumbu Himal,"29.05.1953, Edmund Hillary and Tenzing Norgay",South Col–Southeast Ridge; North Col–Northeast Ridge,South Base Camp / North Base Camp,"South Col route: Camp 1, Camp 2, Camp 3, South Col; North route: North Col and higher camps",Southeast Ridge; Northeast Ridge; West Face; Southwest Face; North Face,Khumbu Icefall; Western Cwm; South Col; North Col,"High-altitude exposure, steep snow/ice, fixed ropes, icefall and summit-ridge terrain","High winds, severe cold, jet-stream exposure and short weather windows near the summit","Avalanche and serac/icefall hazards, falls, storms, hypoxia, frostbite and altitude illness",8000ers.com General Info; 8000ers.com Routes - Everest,"Altitude, geographic classification and first ascent follow 8000ers.com. Route/camp fields summarize the principal routes and are intended as domain-profile fields, not exhaustive route catalogues.",mountain_profile
"K2 (K2 / Chogori) is an 8000-metre-class mountain at 8611 m, located in Pakistan / China in the Baltoro Muztagh, Karakoram. The first ascent was on 31.07.1954, Achille Compagnoni and Lino Lacedelli. Principal routes include Southeast Ridge (Abruzzi Spur); North Ridge; other major face/ridge routes. Base-camp context: K2 Base Camp. High-camp context: Advanced/high camps on the Abruzzi Spur, including Camp I–IV in common expedition descriptions. Major ridges and faces include Abruzzi Spur; North Ridge; South/Southwest faces; Bottleneck area on the Abruzzi route. Important glacier/col terrain includes Baltoro Glacier approach; Godwin-Austen Glacier area; high couloirs and seracs. Key technical characteristics include Steep rock, snow and ice; sustained mixed climbing; exposed fixed-rope terrain and complex summit-section climbing. Typical environmental conditions include Rapidly changing Karakoram weather, strong winds, extreme cold and narrow summit windows. Major mountaineering hazards include Avalanches, serac fall, rockfall, falls on steep terrain, storms, hypoxia and extreme exposure.",K2,K2 / Chogori,8611,Pakistan / China,"Baltoro Muztagh, Karakoram","31.07.1954, Achille Compagnoni and Lino Lacedelli",Southeast Ridge (Abruzzi Spur); North Ridge; other major face/ridge routes,K2 Base Camp,"Advanced/high camps on the Abruzzi Spur, including Camp I–IV in common expedition descriptions",Abruzzi Spur; North Ridge; South/Southwest faces; Bottleneck area on the Abruzzi route,Baltoro Glacier approach; Godwin-Austen Glacier area; high couloirs and seracs,"Steep rock, snow and ice; sustained mixed climbing; exposed fixed-rope terrain and complex summit-section climbing","Rapidly changing Karakoram weather, strong winds, extreme cold and narrow summit windows","Avalanches, serac fall, rockfall, falls on steep terrain, storms, hypoxia and extreme exposure",8000ers.com General Info; 8000ers.com Routes - K2,8000ers.com identifies K2 at 8611 m in the Baltoro Muztagh and records the 1954 first ascent; route repository contains a dedicated K2 routes file.,mountain_profile
"Kangchenjunga (Kangchenjunga) is an 8000-metre-class mountain at 8586 m, located in Nepal / India in the Kangchenjunga Himal. The first ascent was on 25.05.1955, George Band and Joe Brown. Principal routes include Southwest Face / southwest route; Northeast and other major ridge/face routes. Base-camp context: Kangchenjunga Base Camp(s), depending on route. High-camp context: Route-dependent high camps on the southwest/northeast approaches. Major ridges and faces include Southwest Face; North Face; major summit ridges and pinnacles. Important glacier/col terrain includes Kangchenjunga glacier systems and high cols/ridges. Key technical characteristics include Steep snow/ice and mixed terrain, complex summit ridges and high-altitude exposure. Typical environmental conditions include Severe Himalayan storms, strong winds, heavy snowfall and limited summit windows. Major mountaineering hazards include Avalanche, serac/icefall, falls, storms, hypoxia and altitude illness.",Kangchenjunga,Kangchenjunga,8586,Nepal / India,Kangchenjunga Himal,"25.05.1955, George Band and Joe Brown",Southwest Face / southwest route; Northeast and other major ridge/face routes,"Kangchenjunga Base Camp(s), depending on route",Route-dependent high camps on the southwest/northeast approaches,Southwest Face; North Face; major summit ridges and pinnacles,Kangchenjunga glacier systems and high cols/ridges,"Steep snow/ice and mixed terrain, complex summit ridges and high-altitude exposure","Severe Himalayan storms, strong winds, heavy snowfall and limited summit windows","Avalanche, serac/icefall, falls, storms, hypoxia and altitude illness",8000ers.com General Info; 8000ers.com Routes - Kangchenjunga,"8000ers.com lists the main peak at 8586 m and notes subsidiary 8000 m peaks including Yalung Kang, Central and South peaks.",mountain_profile
"Lhotse (Lhotse) is an 8000-metre-class mountain at 8516 m, located in Nepal / China (Tibet) in the Khumbu Himal. The first ascent was on 18.05.1956, Fritz Luchsinger and Ernst Reiss. Principal routes include West Face / South Face routes; normal route from the Everest side via the Lhotse Face. Base-camp context: Everest South Base Camp. High-camp context: Shared lower Everest route infrastructure, then Camp 3/Lhotse Face area and higher camps depending on route. Major ridges and faces include Lhotse Face; South Face; West Face; summit ridge. Important glacier/col terrain includes Khumbu Icefall; Western Cwm; Lhotse Face; South Col area. Key technical characteristics include Very steep high-altitude ice, fixed ropes, exposed summit terrain and the Lhotse Face. Typical environmental conditions include Strong winds, severe cold and short high-altitude weather windows. Major mountaineering hazards include Falls on steep ice, icefall/serac hazards, avalanche, storms, hypoxia and altitude illness.",Lhotse,Lhotse,8516,Nepal / China (Tibet),Khumbu Himal,"18.05.1956, Fritz Luchsinger and Ernst Reiss",West Face / South Face routes; normal route from the Everest side via the Lhotse Face,Everest South Base Camp,"Shared lower Everest route infrastructure, then Camp 3/Lhotse Face area and higher camps depending on route",Lhotse Face; South Face; West Face; summit ridge,Khumbu Icefall; Western Cwm; Lhotse Face; South Col area,"Very steep high-altitude ice, fixed ropes, exposed summit terrain and the Lhotse Face","Strong winds, severe cold and short high-altitude weather windows","Falls on steep ice, icefall/serac hazards, avalanche, storms, hypoxia and altitude illness",8000ers.com General Info; 8000ers.com Routes - Lhotse,8000ers.com lists Lhotse at 8516 m and identifies Lhotse Central-Peak and Lhotse Shar as subsidiary 8000 m peaks.,mountain_profile
"Makalu (Makalu) is an 8000-metre-class mountain at 8485 m, located in Nepal / China (Tibet) in the Barun Himal. The first ascent was on 15.05.1955, Jean Couzy and Lionel Terray. Principal routes include Makalu La–Northwest Ridge; West Face and other major routes. Base-camp context: Makalu Base Camp. High-camp context: High camps along the Makalu La–Northwest Ridge route. Major ridges and faces include Northwest Ridge; West Face; Southeast and other major faces/ridges. Important glacier/col terrain includes Makalu Glacier system; Makalu La. Key technical characteristics include Steep rock, snow and ice, exposed ridge climbing and sustained high-altitude terrain. Typical environmental conditions include Strong Himalayan winds, heavy snowfall and limited summit windows. Major mountaineering hazards include Avalanche, falls, rock/icefall, storms, hypoxia and altitude illness.",Makalu,Makalu,8485,Nepal / China (Tibet),Barun Himal,"15.05.1955, Jean Couzy and Lionel Terray",Makalu La–Northwest Ridge; West Face and other major routes,Makalu Base Camp,High camps along the Makalu La–Northwest Ridge route,Northwest Ridge; West Face; Southeast and other major faces/ridges,Makalu Glacier system; Makalu La,"Steep rock, snow and ice, exposed ridge climbing and sustained high-altitude terrain","Strong Himalayan winds, heavy snowfall and limited summit windows","Avalanche, falls, rock/icefall, storms, hypoxia and altitude illness",8000ers.com General Info; 8000ers.com Routes - Makalu,8000ers.com lists Makalu at 8485 m in the Barun Himal and records the 1955 first ascent.,mountain_profile
"Cho Oyu (Cho Oyu) is an 8000-metre-class mountain at 8188 m, located in Nepal / China (Tibet) in the Khumbu Himal. The first ascent was on 19.10.1954, Josef Jöchler, Herbert Tichy and Pasang Dawa Lama. Principal routes include West Ridge–West Face / standard northwest-side approach; other routes including south-side routes. Base-camp context: Cho Oyu Base Camp(s), route-dependent. High-camp context: Camps progressing toward the upper glacier and summit ridge; exact camp sequence varies by route. Major ridges and faces include West Ridge; West Face; southwest and other faces. Important glacier/col terrain includes Glacier approaches on the Tibet side; Nangpa La region nearby. Key technical characteristics include High-altitude snow and ice, steep sections, fixed ropes and summit-ridge exposure. Typical environmental conditions include Strong winds, cold and snowfall; weather windows are critical at high altitude. Major mountaineering hazards include Avalanche, falls, storms, hypoxia, frostbite and altitude illness.",Cho Oyu,Cho Oyu,8188,Nepal / China (Tibet),Khumbu Himal,"19.10.1954, Josef Jöchler, Herbert Tichy and Pasang Dawa Lama",West Ridge–West Face / standard northwest-side approach; other routes including south-side routes,"Cho Oyu Base Camp(s), route-dependent",Camps progressing toward the upper glacier and summit ridge; exact camp sequence varies by route,West Ridge; West Face; southwest and other faces,Glacier approaches on the Tibet side; Nangpa La region nearby,"High-altitude snow and ice, steep sections, fixed ropes and summit-ridge exposure","Strong winds, cold and snowfall; weather windows are critical at high altitude","Avalanche, falls, storms, hypoxia, frostbite and altitude illness",8000ers.com General Info; 8000ers.com Routes - Cho Oyu,8000ers.com lists Cho Oyu at 8188 m and records the 1954 first ascent.,mountain_profile
"Dhaulagiri I (Dhaulagiri I) is an 8000-metre-class mountain at 8167 m, located in Nepal in the Dhaulagiri Himal. The first ascent was on 13.05.1960, Kurt Diemberger, Peter Diener, Ernst Forrer, Albin Schelbert, Nawang Dorje and Nima Dorje. Principal routes include Northeast Ridge; north and southeast-side routes. Base-camp context: Dhaulagiri Base Camp. High-camp context: High camps on the northeast-ridge route and route variants. Major ridges and faces include Northeast Ridge; north and southeast faces/ridges. Important glacier/col terrain includes Dhaulagiri Glacier systems and high cols. Key technical characteristics include Steep snow/ice, exposed ridge terrain, complex summit area and high-altitude climbing. Typical environmental conditions include Heavy snowfall, strong winds and rapidly changing Himalayan weather. Major mountaineering hazards include Avalanche, serac/icefall, falls, storms, hypoxia and altitude illness.",Dhaulagiri I,Dhaulagiri I,8167,Nepal,Dhaulagiri Himal,"13.05.1960, Kurt Diemberger, Peter Diener, Ernst Forrer, Albin Schelbert, Nawang Dorje and Nima Dorje",Northeast Ridge; north and southeast-side routes,Dhaulagiri Base Camp,High camps on the northeast-ridge route and route variants,Northeast Ridge; north and southeast faces/ridges,Dhaulagiri Glacier systems and high cols,"Steep snow/ice, exposed ridge terrain, complex summit area and high-altitude climbing","Heavy snowfall, strong winds and rapidly changing Himalayan weather","Avalanche, serac/icefall, falls, storms, hypoxia and altitude illness",8000ers.com General Info; 8000ers.com Routes - Dhaulagiri I,8000ers.com lists Dhaulagiri I at 8167 m in the Dhaulagiri Himal and records the 1960 first ascent.,mountain_profile
"Manaslu (Manaslu) is an 8000-metre-class mountain at 8163 m, located in Nepal in the Mansiri Himal. The first ascent was on 09.05.1956, Toshio Imanishi and Gyalzen Norbu. Principal routes include Northeast Face / northeast route; other face and ridge routes. Base-camp context: Manaslu Base Camp. High-camp context: Camps progressing through the northeast route; exact placement varies by season and expedition. Major ridges and faces include Northeast Face; summit ridge; complex summit-foresummit terrain. Important glacier/col terrain includes Manaslu Glacier systems and high ridges. Key technical characteristics include High-altitude snow/ice, fixed ropes and a complex summit area with historically disputed foresummit positions. Typical environmental conditions include Heavy snowfall, strong winds and rapidly changing Himalayan conditions. Major mountaineering hazards include Avalanche, serac/icefall, falls, storms, hypoxia and altitude illness.",Manaslu,Manaslu,8163,Nepal,Mansiri Himal,"09.05.1956, Toshio Imanishi and Gyalzen Norbu",Northeast Face / northeast route; other face and ridge routes,Manaslu Base Camp,Camps progressing through the northeast route; exact placement varies by season and expedition,Northeast Face; summit ridge; complex summit-foresummit terrain,Manaslu Glacier systems and high ridges,"High-altitude snow/ice, fixed ropes and a complex summit area with historically disputed foresummit positions","Heavy snowfall, strong winds and rapidly changing Himalayan conditions","Avalanche, serac/icefall, falls, storms, hypoxia and altitude illness",8000ers.com General Info; 8000ers.com Routes - Manaslu; 8000ers.com summit-topography report,8000ers.com specifically notes confusion between foresummits and the main summit and provides a dedicated summit-topography report.,mountain_profile
"Nanga Parbat (Nanga Parbat) is an 8000-metre-class mountain at 8125 m, located in Pakistan in the Nanga Parbat area, Himalaya. The first ascent was on 03.07.1953, Hermann Buhl. Principal routes include Kinshofer route on Diamir Face; Rupal Face and other major routes. Base-camp context: Diamir Base Camp / route-specific base camps. High-camp context: High camps on the Diamir route; route-dependent camps on the Rupal side. Major ridges and faces include Diamir Face; Rupal Face; Kinshofer route; major summit ridges. Important glacier/col terrain includes Diamir and Rupal glacier systems; high ridges and cols. Key technical characteristics include Steep rock, snow and ice, long high-altitude climbing and exposed mixed terrain. Typical environmental conditions include Rapid weather changes, strong winds, heavy snowfall and severe cold. Major mountaineering hazards include Avalanche, rockfall, falls, storms, hypoxia and altitude illness.",Nanga Parbat,Nanga Parbat,8125,Pakistan,"Nanga Parbat area, Himalaya","03.07.1953, Hermann Buhl",Kinshofer route on Diamir Face; Rupal Face and other major routes,Diamir Base Camp / route-specific base camps,High camps on the Diamir route; route-dependent camps on the Rupal side,Diamir Face; Rupal Face; Kinshofer route; major summit ridges,Diamir and Rupal glacier systems; high ridges and cols,"Steep rock, snow and ice, long high-altitude climbing and exposed mixed terrain","Rapid weather changes, strong winds, heavy snowfall and severe cold","Avalanche, rockfall, falls, storms, hypoxia and altitude illness",8000ers.com General Info; 8000ers.com Routes - Nanga Parbat,8000ers.com lists Nanga Parbat at 8125 m and records Hermann Buhl's 1953 first ascent.,mountain_profile
"Annapurna I (Annapurna I) is an 8000-metre-class mountain at 8091 m, located in Nepal in the Annapurna Himal. The first ascent was on 03.06.1950, Maurice Herzog and Louis Lachenal. Principal routes include North Face / north-side route; other major routes including south-face and east-side lines. Base-camp context: Annapurna Base Camp / route-dependent base camps. High-camp context: Route-dependent camps on the north-side and other face/ridge routes. Major ridges and faces include North Face; South Face; major summit ridges. Important glacier/col terrain includes Annapurna glacier systems and high cols. Key technical characteristics include Steep snow/ice, avalanche-prone terrain, complex high-altitude route-finding and exposed faces. Typical environmental conditions include Heavy snowfall, strong winds and rapidly changing Himalayan weather. Major mountaineering hazards include Avalanche, serac/icefall, falls, storms, hypoxia and altitude illness.",Annapurna I,Annapurna I,8091,Nepal,Annapurna Himal,"03.06.1950, Maurice Herzog and Louis Lachenal",North Face / north-side route; other major routes including south-face and east-side lines,Annapurna Base Camp / route-dependent base camps,Route-dependent camps on the north-side and other face/ridge routes,North Face; South Face; major summit ridges,Annapurna glacier systems and high cols,"Steep snow/ice, avalanche-prone terrain, complex high-altitude route-finding and exposed faces","Heavy snowfall, strong winds and rapidly changing Himalayan weather","Avalanche, serac/icefall, falls, storms, hypoxia and altitude illness",8000ers.com General Info; 8000ers.com Routes - Annapurna I,8000ers.com lists Annapurna I at 8091 m and records the 1950 first ascent.,mountain_profile
"Gasherbrum I (Gasherbrum I / Hidden Peak) is an 8000-metre-class mountain at 8080 m, located in Pakistan / China in the Baltoro Muztagh, Karakoram. The first ascent was on 05.07.1958, Andrew J. Kauffman and Peter K. Schoening. Principal routes include Japanese Couloir / northwest-side route; other face and ridge routes. Base-camp context: Gasherbrum Base Camp. High-camp context: High camps on the normal route toward the Japanese Couloir and summit ridge. Major ridges and faces include Japanese Couloir; northwest and southwest faces/ridges. Important glacier/col terrain includes Baltoro Glacier approach; Gasherbrum Glacier systems; high cols. Key technical characteristics include Steep snow/ice and couloir climbing, high-altitude exposure and route-finding. Typical environmental conditions include Severe Karakoram cold, strong winds and rapidly changing weather. Major mountaineering hazards include Avalanche, serac/icefall, falls, storms, hypoxia and frostbite.",Gasherbrum I,Gasherbrum I / Hidden Peak,8080,Pakistan / China,"Baltoro Muztagh, Karakoram","05.07.1958, Andrew J. Kauffman and Peter K. Schoening",Japanese Couloir / northwest-side route; other face and ridge routes,Gasherbrum Base Camp,High camps on the normal route toward the Japanese Couloir and summit ridge,Japanese Couloir; northwest and southwest faces/ridges,Baltoro Glacier approach; Gasherbrum Glacier systems; high cols,"Steep snow/ice and couloir climbing, high-altitude exposure and route-finding","Severe Karakoram cold, strong winds and rapidly changing weather","Avalanche, serac/icefall, falls, storms, hypoxia and frostbite",8000ers.com General Info; 8000ers.com Routes - Gasherbrum I,8000ers.com lists Gasherbrum I at 8080 m and describes the peak as Hidden Peak.,mountain_profile
"Broad Peak (Broad Peak / Falchan Kangri) is an 8000-metre-class mountain at 8051 m, located in Pakistan / China in the Baltoro Muztagh, Karakoram. The first ascent was on 09.06.1957, Hermann Buhl, Kurt Diemberger, Marcus Schmuck and Fritz Wintersteller. Principal routes include West Ridge–Broad Col–North Ridge; southwest face/ridge and other routes. Base-camp context: Broad Peak Base Camp. High-camp context: Camps progressing toward Broad Col and the summit ridge. Major ridges and faces include West Ridge; North Ridge; Southwest Face/Ridge; summit massif. Important glacier/col terrain includes Baltoro Glacier approach; Broad Col; high glacier terrain. Key technical characteristics include Long high-altitude ridge climbing, snow/ice and exposed summit terrain. Typical environmental conditions include Strong Karakoram winds, extreme cold and narrow summit windows. Major mountaineering hazards include Avalanche, falls, storms, hypoxia, frostbite and long exposed descent.",Broad Peak,Broad Peak / Falchan Kangri,8051,Pakistan / China,"Baltoro Muztagh, Karakoram","09.06.1957, Hermann Buhl, Kurt Diemberger, Marcus Schmuck and Fritz Wintersteller",West Ridge–Broad Col–North Ridge; southwest face/ridge and other routes,Broad Peak Base Camp,Camps progressing toward Broad Col and the summit ridge,West Ridge; North Ridge; Southwest Face/Ridge; summit massif,Baltoro Glacier approach; Broad Col; high glacier terrain,"Long high-altitude ridge climbing, snow/ice and exposed summit terrain","Strong Karakoram winds, extreme cold and narrow summit windows","Avalanche, falls, storms, hypoxia, frostbite and long exposed descent",8000ers.com General Info; 8000ers.com Routes - Broad Peak; 8000ers.com summit-topography report,8000ers.com identifies Broad Peak at 8051 m and notes Broad Peak Central (8011 m) as a major subsidiary peak.,mountain_profile
"Gasherbrum II (Gasherbrum II) is an 8000-metre-class mountain at 8034 m, located in Pakistan / China in the Baltoro Muztagh, Karakoram. The first ascent was on 07.07.1956, Josef Larch, Fritz Moravec and Johann Willenpart. Principal routes include Southwest Ridge–East Ridge; newer northern routes also exist. Base-camp context: Gasherbrum II Base Camp. High-camp context: Camps on the southwest/east-ridge route and route-dependent northern approaches. Major ridges and faces include Southwest Ridge; East Ridge; north-side routes. Important glacier/col terrain includes Baltoro Glacier approach; Gasherbrum Glacier systems and high cols. Key technical characteristics include High-altitude snow/ice, ridge travel, fixed ropes and exposed summit terrain. Typical environmental conditions include Strong Karakoram winds, severe cold and rapid weather changes. Major mountaineering hazards include Avalanche, falls, storms, hypoxia and frostbite.",Gasherbrum II,Gasherbrum II,8034,Pakistan / China,"Baltoro Muztagh, Karakoram","07.07.1956, Josef Larch, Fritz Moravec and Johann Willenpart",Southwest Ridge–East Ridge; newer northern routes also exist,Gasherbrum II Base Camp,Camps on the southwest/east-ridge route and route-dependent northern approaches,Southwest Ridge; East Ridge; north-side routes,Baltoro Glacier approach; Gasherbrum Glacier systems and high cols,"High-altitude snow/ice, ridge travel, fixed ropes and exposed summit terrain","Strong Karakoram winds, severe cold and rapid weather changes","Avalanche, falls, storms, hypoxia and frostbite",8000ers.com General Info; 8000ers.com Routes - Gasherbrum II,8000ers.com lists Gasherbrum II at 8034 m and records the 1956 first ascent.,mountain_profile
"Shishapangma (Shisha Pangma / Xixabangma) is an 8000-metre-class mountain at 8027 m, located in China (Tibet) in the Jugal Himal. The first ascent was on 02.05.1964, Chinese expedition team led by Hsu Ching and colleagues. Principal routes include North Ridge / northern route; Chinese traverse and other routes. Base-camp context: Shishapangma Base Camp. High-camp context: Camps on the northern route toward the Central Peak and Main Peak. Major ridges and faces include North Ridge; North Face; upper East Ridge; summit ridge. Important glacier/col terrain includes Northern glacier systems and high ridge terrain. Key technical characteristics include High-altitude snow/ice, summit-ridge travel and route-finding around the Central/Main Peak complex. Typical environmental conditions include Strong winds, severe cold and changing Tibetan high-altitude weather. Major mountaineering hazards include Avalanche, falls, storms, hypoxia and frostbite; summit identification can be complex.",Shishapangma,Shisha Pangma / Xixabangma,8027,China (Tibet),Jugal Himal,"02.05.1964, Chinese expedition team led by Hsu Ching and colleagues",North Ridge / northern route; Chinese traverse and other routes,Shishapangma Base Camp,Camps on the northern route toward the Central Peak and Main Peak,North Ridge; North Face; upper East Ridge; summit ridge,Northern glacier systems and high ridge terrain,"High-altitude snow/ice, summit-ridge travel and route-finding around the Central/Main Peak complex","Strong winds, severe cold and changing Tibetan high-altitude weather","Avalanche, falls, storms, hypoxia and frostbite; summit identification can be complex",8000ers.com General Info; 8000ers.com Routes - Shisha Pangma,8000ers.com lists Shishapangma at 8027 m and notes the 8008 m Central Peak and historical questions concerning Central/Main Peak ascents.,mountain_profile
