id,category,term,aliases,definition,application,typical_terrain,related_equipment,safety_note,source
TECH-001,Mountaineering Technique,Glacier travel,glacier crossing;glacier movement,"Travel technique for moving across glaciated terrain while managing crevasse and fall hazards.","Used on glaciers and snow-covered routes where crevasses or unstable snow may be present.","Glaciers; snowfields; firn","Crampons; ice axe; rope; harness; crevasse-rescue kit","Requires appropriate rope technique, route assessment, and rescue competence.","UIAA Alpine Skills; BMC"
TECH-002,Mountaineering Technique,Roping up,rope team travel;roped glacier travel,"Connecting members of a climbing party to a rope system so that the team can manage hazards such as crevasses and falls.","Common on glaciated terrain and exposed snow or ice routes.","Glaciers; snow slopes; exposed ridges","Rope; harness; carabiners; slings","Rope spacing and technique must match terrain and hazard conditions.","UIAA Alpine Skills; UIAA DiMM"
TECH-003,Mountaineering Technique,Crevasse rescue,crevasse extraction;crevasse rescue system,"Rescue techniques for recovering a climber from a glacial crevasse using rope systems, anchors, friction hitches, and hauling equipment.","Used after a crevasse fall when a self-rescue or partner rescue is required.","Glaciers; snow bridges; heavily crevassed terrain","Rope; pulley; prusik cord; ice screws; snow anchors; harness","This is a technical rescue skill requiring hands-on training.","UIAA DiMM; BMC"
TECH-004,Mountaineering Technique,Self-arrest,ice axe arrest;fall arrest,"Use of an ice axe and body position to arrest or reduce a slide on a snow slope after a slip.","Emergency technique on snow slopes where a sliding fall is possible.","Snow slopes; névé; moderate ice","Ice axe; crampons","Self-arrest is not guaranteed to stop every fall; preventing a fall remains primary.","BMC winter skills"
TECH-005,Mountaineering Technique,Front-pointing,front points;front-point technique,"Climbing steep snow or ice with the front points of crampons engaged in the surface.","Used on steep snow, hard ice, and technical alpine terrain.","Steep snow; hard ice; ice routes","Technical crampons; mountaineering boots; ice axes","Requires appropriate crampon-compatible boots and practiced footwork.","BMC Mont Blanc skills"
TECH-006,Mountaineering Technique,Flat-footing,French technique;flat-foot technique,"Crampon technique in which the crampon points are kept broadly engaged with the surface while moving across less steep snow or ice.","Efficient movement on moderate snow and ice where front-pointing is unnecessary.","Moderate snow; névé; glaciers","Crampons; mountaineering boots","Technique selection depends on slope angle, surface conditions, and footwear.","BMC; mountaineering skills terminology"
TECH-007,Mountaineering Technique,Step cutting,cutting steps;step kicking,"Creating or improving footholds in snow or ice to facilitate movement on terrain where existing footholds are inadequate.","Used on snow or ice slopes when natural footholds are insufficient.","Snow slopes; hard snow; ice","Ice axe; crampons","Energy-intensive and condition-dependent; modern crampon technique often reduces the need for extensive step cutting.","BMC winter skills"
TECH-008,Mountaineering Technique,Belaying,belay;belay technique,"Managing a climbing rope so that a climber can be protected against a fall and controlled during movement.","Used on technical rock, snow, ice, and mixed climbing where protection is required.","Rock; ice; mixed terrain; steep snow","Rope; harness; belay device; carabiners; anchors","Belay systems must be matched to the rope, device, anchor, and climbing situation.","BMC; UIAA"
TECH-009,Mountaineering Technique,Rappelling,abseiling;descent by rope,"Descending a steep section using a rope and a friction or belay device.","Used when down-climbing is impractical or when routes require a rope descent.","Rock; ice; steep snow; technical alpine terrain","Rope; harness; belay/rappel device; locking carabiner","Backup systems and anchor quality are critical; this is a technical skill.","BMC abseiling; UIAA DiMM"
TECH-010,Mountaineering Technique,Fixed-rope ascent,fixed-line ascent;jumar ascent,"Ascending a steep section protected by a fixed rope using a mechanical ascender or friction-based system.","Common on steep high-altitude routes where fixed ropes are installed on exposed sections.","Steep snow; ice; rock; fixed lines","Ascender; harness; carabiner; lanyard","Fixed ropes are not automatically safe; inspect the system and use compatible equipment.","UIAA Denali; UIAA DiMM"
TECH-011,Mountaineering Technique,Prusik backup,Prusik hitch;friction hitch,"Using a friction hitch on a rope as a backup, attachment, or part of a rescue system.","Used in rappelling backups, rope rescue, and fixed-rope systems.","Rock; ice; glacier; fixed rope","Prusik cord; rope; carabiner","Friction hitches depend on cord and rope compatibility and correct loading.","UIAA DiMM"
TECH-012,Mountaineering Technique,Anchor building,anchor construction;belay anchor,"Creating a secure point or system to transfer climbing or rescue loads into snow, ice, or rock.","Used for belays, rappels, protection, and rescue systems.","Rock; ice; snow","Slings; carabiners; ice screws; snow anchors; rope","Anchor design must account for direction and magnitude of expected loads.","UIAA DiMM"
TECH-013,Mountaineering Technique,Ice screw protection,ice screw placement,"Using an ice screw as a protection or anchor component in suitable ice.","Used to protect or anchor climbing on ice.","Hard ice; frozen alpine terrain","Ice screws; rope; carabiners; harness","Placement quality depends strongly on ice structure and conditions; requires practical training.","UIAA DiMM; Petzl mountaineering"
TECH-014,Mountaineering Technique,Simul-climbing,simultaneous climbing;moving together,"A rope technique in which climbers move at the same time while remaining connected to a protection system.","Used on terrain where the party can move together while maintaining protection.","Easy to moderate rock; snow; alpine ridges","Rope; harness; protection; carabiners","Requires experienced judgment because rope management and fall consequences differ from pitched climbing.","BMC alpine routes"
TECH-015,Mountaineering Technique,Short-roping,short rope;short-roped movement,"A rope-management technique in which the rope between climber and partner is kept relatively short to manage movement on suitable terrain.","Used by trained teams on moderate exposed snow or mixed terrain.","Snow ridges; moderate alpine terrain","Rope; harness; ice axe; crampons","Technique is terrain- and skill-dependent and should not be treated as a universal safety method.","BMC alpine route guidance"
TECH-016,Mountaineering Technique,Route finding,route selection;navigation,"Selecting and following an appropriate line through complex mountain terrain using terrain features, maps, weather, and route information.","Used throughout an expedition, especially in poor visibility or complex terrain.","Glaciers; ridges; couloirs; faces","Map; compass; GPS; altimeter","Route choice must account for objective hazards, weather, and changing conditions.","UIAA Alpine Skills; UIAA DiMM"
TECH-017,Mountaineering Technique,Crevasse awareness,crevasse detection;glacier hazard assessment,"Recognizing terrain and snow conditions that may indicate hidden or visible glacial crevasses.","Used when moving across glaciers and snow bridges.","Glaciers; snow bridges; icefalls","Rope; probe or pole; map; ice axe","Snow can conceal crevasses; visual assessment alone may be insufficient.","UIAA Alpine Skills"
TECH-018,Mountaineering Technique,Mixed climbing,mixed climbing technique,"Climbing that combines rock and ice or snow in the same technical sequence.","Used on alpine routes where rock and ice are interspersed.","Mixed faces; ridges; gullies","Technical crampons; technical ice axes; helmet; rope; protection","Mixed terrain creates changing protection and movement demands.","Petzl mountaineering; BMC winter climbing"
TECH-019,Mountaineering Technique,Ice climbing,ice climbing technique,"Technical climbing on ice using specialized tools, crampons, and protection.","Used on frozen waterfalls, steep alpine ice, and ice-covered faces.","Steep ice; frozen gullies; alpine ice","Technical ice axes; technical crampons; ice screws; rope","Requires specialized training and condition assessment.","Petzl ice axes/crampons; BMC winter climbing"
TECH-020,Mountaineering Technique,Dry tooling,dry-tooling,"Using ice tools and crampons on rock without relying on ice placements.","Used on mixed and technical routes where rock sections interrupt ice.","Rock; mixed routes","Technical ice axes; crampons; helmet; rope; protection","Equipment and movement technique are specialized and route-dependent.","Petzl ice axes; Grivel Tech Machine"
TECH-021,Mountaineering Technique,Glacier rope-team management,rope-team spacing;glacier rope system,"Managing rope arrangement, spacing, and movement among team members while crossing glaciated terrain.","Used to reduce consequences of crevasse falls and manage team movement.","Glaciers; snow-covered crevasses","Rope; harness; carabiners; slings","Exact rope configuration depends on terrain, team size, and rescue plan.","UIAA Alpine Skills; UIAA Denali"
TECH-022,Mountaineering Technique,Crevasse rescue hauling,hauling system;pulley rescue,"Using mechanical advantage and rope systems to raise a climber or load from a crevasse.","Used during partner or team crevasse rescue.","Crevasses; glacier terrain","Pulley; rope; prusik cord; anchors; carabiners","Rescue systems require training and must be adapted to the actual situation.","UIAA DiMM"
TECH-023,Mountaineering Technique,Protection management,climbing protection;protection placement,"Selecting, placing, and managing protection so that a climbing system can limit fall consequences.","Used on rock, ice, snow, and mixed terrain.","Rock; ice; snow; mixed routes","Ice screws; slings; carabiners; anchors; rope","Protection quality is highly dependent on placement and material conditions.","UIAA DiMM; BMC"
TECH-024,Mountaineering Technique,Alpine route planning,expedition route planning;mountain planning,"Planning an ascent by integrating route characteristics, weather, terrain hazards, camps, equipment, timing, and retreat options.","Used before and during alpine and high-altitude expeditions.","All mountain environments","Map; route information; weather data; navigation tools","Plans must remain adaptable because mountain conditions change.","UIAA Alpine Skills; BMC"
TECH-025,Mountaineering Technique,Team movement on exposed terrain,roped movement;exposed ridge travel,"Coordinating movement of a climbing team on exposed terrain while maintaining appropriate protection and communication.","Used on exposed ridges, traverses, and steep alpine terrain.","Exposed ridges; faces; traverses","Rope; harness; helmet; protection","The appropriate rope method depends on terrain and team competence.","BMC alpine route guidance"
