id,category,term,aliases,definition,primary_role,typical_context,compatibility_or_notes,safety_note,source
GEAR-001,Technical Equipment,Ice axe,alpine axe;piolet,"A shafted mountaineering tool with a pick and spike used for support, balance, anchoring, and fall-arrest functions depending on design and terrain.","Support and traction on snow or ice; emergency fall arrest; technical climbing","Glaciers; snow slopes; alpine routes","Classic, technical, and glacier-travel axes serve different terrain and movement demands.","Select an axe appropriate to the intended activity and learn its use before entering technical terrain.","BMC; Petzl"
GEAR-002,Technical Equipment,Crampons,crampon;mountaineering crampons,"Spiked attachments fitted to compatible boots to provide traction on snow and ice.","Traction on hard snow and ice","Glaciers; snow slopes; ice; mixed terrain","Must fit the boot and suit the intended activity; designs range from classic to technical.","Poor fit or incompatible boots can compromise security.","BMC; Petzl"
GEAR-003,Technical Equipment,Mountaineering boots,alpine boots;climbing boots,"Protective mountain footwear designed to provide support, insulation, and a suitable interface with crampons.","Foot protection and crampon support","Snow; ice; alpine routes","Boot stiffness and crampon compatibility must match the intended terrain.","Crampons should be fitted to compatible footwear and checked before use.","BMC; Petzl"
GEAR-004,Technical Equipment,Helmet,climbing helmet;mountaineering helmet,"Protective headgear designed to reduce injury risk from impacts and falling objects.","Head protection","Rock; ice; mixed terrain; high mountain routes","Should be appropriate for climbing and mountaineering use.","A helmet does not eliminate hazards from rockfall, icefall, or falls.","UIAA; Petzl"
GEAR-005,Technical Equipment,Climbing harness,mountaineering harness;alpine harness,"Wearable load-bearing equipment that connects a climber to ropes, protection, and related systems.","Rope attachment and load distribution","Rock; ice; glacier travel; mountaineering","Different designs prioritize low weight, gear carrying, or adjustability.","Use a harness intended for the activity and inspect it before use.","UIAA; Petzl"
GEAR-006,Technical Equipment,Climbing rope,single rope;dynamic rope,"A rope designed for climbing systems and fall protection, with properties determined by its construction and rating.","Belaying, protection, rappelling, and team connection","Rock; ice; mixed climbing; mountaineering","Rope type and diameter must match the intended system and device.","Use ropes within their rated applications and inspect for damage.","UIAA; BMC; Petzl"
GEAR-007,Technical Equipment,Half rope,double rope system,"A dynamic rope intended to be used as part of a two-rope system, with both ropes managed according to the applicable technique.","Protection and rope management on routes requiring a double-rope system","Mountaineering; trad climbing; long routes","Must be used as a half-rope system and with compatible hardware.","Do not treat half ropes as interchangeable with single-rope systems.","BMC rope markings"
GEAR-008,Technical Equipment,Twin rope,twin-rope system,"A lightweight dynamic rope designed to be used as a matched pair in a twin-rope system.","Lightweight protection and descent systems on suitable routes","Alpine and climbing routes","Both ropes are clipped together according to the rope system's requirements.","Use only in configurations permitted by the rope's certification and manufacturer.","BMC rope markings"
GEAR-009,Technical Equipment,Mountain walking or tour rope,glacier rope;short rope,"A rope intended to provide additional security during mountain walking, glacier travel, or ski mountaineering.","Team security on relatively straightforward terrain","Glaciers; ski mountaineering; mountain walks","Different from a full climbing rope in intended use.","Use according to manufacturer and activity-specific guidance.","BMC rope markings"
GEAR-010,Technical Equipment,Locking carabiner,screwgate carabiner;locking karabiner,"A connector with a locking gate used to reduce the chance of accidental opening in appropriate climbing systems.","Connecting ropes, devices, anchors, and harnesses","Belays; anchors; rescue systems; mountaineering","Shape and gate type should suit the connected device or system.","Confirm that the gate and locking mechanism are correctly engaged before loading.","UIAA; Petzl"
GEAR-011,Technical Equipment,Sling,runner;sewn sling,"A length of webbing formed into a loop and used for anchors, extensions, and equipment connections.","Anchoring and extending protection","Rock; ice; alpine routes; rescue","Lengths and materials vary by application.","Use only certified slings in appropriate configurations and inspect for damage.","UIAA; Petzl"
GEAR-012,Technical Equipment,Belay device,belay/rappel device;assureur,"A friction device used to control a climbing rope during belaying and, for suitable devices, rappelling.","Rope control during climbing and descent","Rock; ice; mountaineering","Device type must match rope type and diameter.","Compatibility between device and rope is essential.","BMC; Petzl"
GEAR-013,Technical Equipment,Mechanical ascender,Jumar;ascender,"A rope-grabbing device designed to allow controlled progress along a compatible rope, commonly on fixed lines.","Ascent of fixed ropes and some rescue systems","Fixed ropes; steep alpine routes","Requires a compatible rope and appropriate attachment system.","Use only within the manufacturer's intended configuration.","UIAA Denali; Petzl"
GEAR-014,Technical Equipment,Prusik cord,prusik loop;friction-hitch cord,"Accessory cord used to form friction hitches such as a Prusik.","Backup and rescue applications","Rope rescue; rappelling; fixed-rope systems","Cord diameter and rope compatibility affect friction-hitch behavior.","Requires practical training to configure and load correctly.","UIAA DiMM"
GEAR-015,Technical Equipment,Ice screw,ice anchor;ice protection,"A tubular screw-in protection device designed for suitable ice and used as protection or an anchor component.","Protection and anchors in ice","Ice climbing; steep alpine ice","Effectiveness depends on ice quality, placement, and loading direction.","Requires training in evaluating ice and placing protection.","UIAA DiMM; Petzl"
GEAR-016,Technical Equipment,Snow anchor,snow protection;deadman anchor,"An anchor device or system designed to transfer load into suitable snow.","Anchoring ropes or rescue systems in snow","Snow slopes; glaciers; snow belays","Anchor type and effectiveness depend on snow structure and loading.","Snow anchors require appropriate assessment and construction.","UIAA Alpine Skills; UIAA DiMM"
GEAR-017,Technical Equipment,V-thread hook,Abalakov hook;V-thread tool,"A tool used to assist in creating an ice V-thread anchor for suitable descent or anchor systems.","Constructing ice anchors","Steep ice; ice climbing","Used with suitable ice conditions and compatible cord or rope systems.","Requires hands-on training in ice-anchor construction.","Petzl mountaineering; UIAA DiMM"
GEAR-018,Technical Equipment,Pulley,rescue pulley;hauling pulley,"A pulley used to redirect rope or provide mechanical advantage in hauling systems.","Crevasse rescue and hauling","Glaciers; rescue systems","Pulley selection depends on rope diameter, load, and intended system.","Rescue hauling systems require training and appropriate anchors.","UIAA DiMM; UIAA equipment guidance"
GEAR-019,Technical Equipment,Crevasse rescue kit,glacier rescue kit,"A collection of rope, pulley, friction-hitch, anchor, and connection equipment assembled for crevasse rescue.","Self-rescue and partner rescue from crevasses","Glacier travel","Exact contents vary by team and route.","A kit is only useful when the team knows how to use it.","BMC; Petzl"
GEAR-020,Technical Equipment,Headlamp,head torch;climbing headlamp,"A hands-free light source used for movement, navigation, and camp tasks in darkness.","Low-light movement and emergency lighting","Early starts; late descents; camps; emergencies","Carry spare or backup power for remote expeditions.","Lighting is critical for route finding and emergency management in darkness.","Petzl mountaineering"
GEAR-021,Clothing and Protection,Mountaineering hardshell,waterproof shell;GORE-TEX shell,"A waterproof and wind-resistant outer layer intended to protect against precipitation and wind.","Weather protection","High mountain routes; snow; rain; wind","Material and design vary by intended activity.","A shell is an outer protective layer, not a substitute for insulation.","Petzl mountaineering gear list"
GEAR-022,Clothing and Protection,Insulated parka,down parka;belay parka,"An insulated outer garment designed to reduce heat loss in cold environments.","Thermal protection during cold periods and stops","High camps; summit pushes; cold alpine environments","Insulation may be down or synthetic; performance depends on conditions and moisture.","Keep insulation dry and select insulation appropriate to the environment.","Petzl mountaineering gear list"
GEAR-023,Clothing and Protection,Gaiters,mountaineering gaiters,"Protective coverings worn over boots and lower legs to reduce snow, water, and debris entry.","Lower-leg and boot protection","Snow; glaciers; wet or loose terrain","Must fit the boot and activity.","Do not treat gaiters as a substitute for suitable boots or crampon compatibility.","Petzl mountaineering gear list"
GEAR-024,Navigation and Communication,Map,topographic map;mountain map,"A terrain representation used for route planning and navigation.","Route planning and navigation","All mountain environments","Best used with compass, altimeter, and other navigation information.","Maps can become unreliable when terrain or route conditions change; verify current information.","UIAA Alpine Skills; UIAA DiMM"
GEAR-025,Navigation and Communication,Compass,mountaineering compass;navigation compass,"A magnetic navigation instrument used to determine direction and support map-based navigation.","Navigation and orientation","Mountain terrain; poor visibility","Used together with a map and appropriate navigation method.","Requires training in map-and-compass navigation.","UIAA DiMM"
GEAR-026,Navigation and Communication,Altimeter,barometric altimeter;altimeter watch,"An instrument that estimates elevation, usually from atmospheric pressure.","Elevation tracking and route navigation","High mountains; route finding","Readings can change with weather and pressure.","Use as an aid to navigation rather than as the sole source of position information.","UIAA DiMM"
GEAR-027,Navigation and Communication,GPS,GPS receiver;satellite navigation,"A satellite-based positioning system used to determine location and support navigation.","Positioning and navigation","Mountain routes; expedition travel","Works best with appropriate power management and map data.","Electronic navigation should have a backup plan.","UIAA DiMM"
GEAR-028,High-Altitude and Expedition Equipment,Supplemental oxygen,oxygen system;climbing oxygen,"A system that supplies additional oxygen to a climber at high altitude.","Supplemental oxygen during selected high-altitude expeditions","Eight-thousander summit attempts; extreme altitude","System normally includes cylinder, regulator, mask, and associated components.","Use is expedition-specific and requires appropriate training and medical/technical planning.","UIAA high-altitude mountain guidance"
GEAR-029,High-Altitude and Expedition Equipment,Oxygen mask,supplemental oxygen mask,"A mask used as part of a supplemental oxygen system to deliver oxygen to the user.","Delivery of supplemental oxygen","Extreme altitude","Must match the oxygen system and regulator.","Incorrect fit or system use can compromise oxygen delivery.","UIAA high-altitude mountain guidance"
GEAR-030,High-Altitude and Expedition Equipment,High-altitude sleeping bag,expedition sleeping bag,"An insulated sleeping system designed for very cold mountain environments.","Thermal protection during high-altitude camps and bivouacs","High camps; extreme cold","Temperature performance depends on insulation, moisture, and user conditions.","Choose insulation appropriate to the expected environment and keep it dry.","Petzl mountaineering gear list"
